id,Qwen-0.5B - No RAG,Qwen-0.5B - Dense RAG,Qwen-0.5B - BM25 RAG,Qwen-0.5B - Hybrid RAG (RRF),Tiny Aya Earth - No RAG,Tiny Aya Earth - Dense RAG,Tiny Aya Earth - BM25 RAG,Tiny Aya Earth - Hybrid RAG,Amharic Spec - No RAG,Amharic Spec - Dense RAG,Amharic Spec - BM25 RAG,Amharic Spec - Hybrid RAG
0,0.0,0.0,0.0,0.0,0.0,0.0,0.2,0.30769230769230765,0.0,0.0,0.0,0.0
1,0.0,0.0,0.0,0.0,0.0,0.0,0.0,0.0,0.0,0.0,0.0,0.0
2,0.0,0.0,0.0,0.0,0.125,0.0,0.23529411764705882,0.23529411764705882,0.09756097560975609,0.0,0.09756097560975609,0.0
3,0.0,0.0,0.0,0.0,0.0,0.0,0.0,0.0,0.0,0.0,0.04545454545454545,0.0
4,0.0,0.0,0.0,0.0,0.0,0.0,0.42857142857142855,0.0,0.0,0.0,0.0,0.0
5,0.0,0.0,0.39999999999999997,0.28571428571428575,0.15384615384615385,0.15384615384615385,0.2,0.16,0.0,0.0,0.1111111111111111,0.0
6,0.0,0.0,0.0,0.0,0.0,0.0,0.1904761904761905,0.0,0.0,0.0,0.0,0.0
7,0.0,0.0,0.0,0.0,0.0,0.0,0.0,0.0,0.0,0.0,0.0,0.0
8,0.0,0.0,0.0,0.0,0.0,0.0,0.30769230769230765,0.1739130434782609,0.0,0.0,0.0,0.0
9,0.0,0.0,0.0,0.0,0.0,0.0,0.11764705882352941,0.13333333333333333,0.0,0.0,0.0,0.0
10,0.0,0.0,0.0,0.0,0.0,0.0,0.5,0.4444444444444445,0.0,0.0,0.0,0.0
11,0.0,0.0,0.0,0.0,0.0,0.0,0.19999999999999998,0.0,0.0,0.0,0.0,0.0
12,0.0,0.0,0.0,0.0,0.0,0.125,0.0,0.125,0.0,0.0,0.0,0.0
13,0.0,0.0,0.0,0.0,0.0,0.0,0.33333333333333337,0.0,0.0,0.0,0.0,0.0
14,0.0,0.0,0.0,0.0,0.0,0.0,0.07999999999999999,0.0,0.0,0.0,0.0,0.0
15,0.0,0.0,0.0,0.0,0.0,0.0,0.45454545454545453,0.0,0.0,0.0,0.0,0.0
16,0.0,0.0,0.0,0.0,0.16,0.19354838709677416,0.19354838709677416,0.26086956521739124,0.0,0.0,0.0,0.09523809523809522
17,0.0,0.0,0.0,0.0,0.13333333333333333,0.6666666666666666,0.5,0.21052631578947367,0.0,0.10256410256410257,0.0,0.0
18,0.0,0.0,0.0,0.0,0.0,0.0,0.0,0.0,0.0,0.0,0.0,0.0
19,0.0,0.0,0.0,0.0,0.0,0.0,0.0,0.09523809523809525,0.0,0.0,0.0,0.0
20,0.0,0.0,0.0,0.0,0.0,0.5333333333333333,0.5333333333333333,0.5333333333333333,0.0,0.0,0.0,0.0
21,0.0,0.0,0.0,0.0,0.0,0.4,0.33333333333333337,0.4,0.0,0.0,0.0,0.0
22,0.0,0.0,0.0,0.0,0.0,0.0,0.23529411764705882,0.18181818181818182,0.0,0.0,0.0,0.0
23,0.0,0.14285714285714288,0.0,0.0,0.10526315789473684,0.15384615384615383,0.09090909090909091,0.09523809523809525,0.0,0.0,0.0,0.0
24,0.0,0.0,0.0,0.0,0.0,0.0,0.16000000000000003,0.0,0.0,0.0,0.0,0.0
25,0.0,0.47058823529411764,0.47058823529411764,0.0,0.0,0.24,0.23076923076923075,0.24,0.0,0.0,0.0,0.0
26,0.0,0.0,0.14285714285714285,0.0,0.0,0.08695652173913042,0.3076923076923077,0.0,0.0,0.047619047619047616,0.0,0.047619047619047616
27,0.0,0.0,0.0,0.16666666666666669,0.0,0.0,0.10526315789473684,0.10526315789473684,0.0,0.0,0.0,0.0
28,0.1111111111111111,0.13333333333333333,0.0,0.12500000000000003,0.0,0.0,0.19047619047619047,0.3636363636363636,0.0,0.0,0.0,0.0
29,0.0,0.0,0.0,0.0,0.0,0.0,0.5333333333333333,0.33333333333333337,0.0,0.0,0.0,0.0
30,0.0,0.0,0.0,0.0,0.0,0.0,0.0,0.0,0.0,0.0,0.0,0.0
31,0.0,0.0,0.0,0.0,0.0,0.0,0.0,0.0,0.0,0.0,0.0,0.0
32,0.0,0.0,0.0,0.0,0.0,0.0,0.1111111111111111,0.0,0.0,0.0,0.0,0.0
33,0.0,0.0,0.15384615384615385,0.4444444444444445,0.0,0.0,0.09090909090909091,0.16666666666666669,0.0,0.0,0.0,0.0
34,0.0,0.26666666666666666,0.25,0.25,0.25,0.3333333333333333,0.35294117647058826,0.30769230769230765,0.10526315789473684,0.0,0.0909090909090909,0.0
35,0.0,0.0,0.0,0.0,0.0,0.0,0.0,0.0,0.0,0.0,0.0,0.0
36,0.0,0.0,0.0,0.0,0.0,0.0,0.18181818181818182,0.16666666666666669,0.0,0.0,0.0,0.0
37,0.0,0.0,0.0,0.0,0.0,0.0,0.13333333333333333,0.0,0.0,0.0,0.0,0.0
38,0.0,0.0,0.0,0.0,0.0,0.0,0.4,0.4,0.0,0.0,0.0,0.0
39,0.14285714285714288,0.14285714285714288,0.14285714285714288,0.0,0.11764705882352941,0.09523809523809525,0.3,0.3333333333333333,0.0,0.0,0.05405405405405406,0.0
40,0.0,0.0,0.0,0.0,0.0,0.0,0.19999999999999998,0.0,0.0,0.0,0.0,0.0
41,0.0,0.0,0.0,0.0,0.0,0.0,0.33333333333333337,0.42857142857142855,0.0,0.0,0.0,0.0
42,0.0,0.0,0.0,0.0,0.0,0.0,0.25,0.2222222222222222,0.0,0.0,0.0,0.0
43,0.0,0.0,0.0,0.0,0.0,0.0,0.21052631578947367,0.21052631578947367,0.0,0.0,0.0,0.0
44,0.0,0.0,0.0,0.0,0.11764705882352941,0.08333333333333334,0.1904761904761905,0.15384615384615385,0.0,0.0,0.0,0.0
45,0.0,0.0,0.0,0.0,0.0,0.0,0.2857142857142857,0.33333333333333337,0.0,0.0,0.0,0.0
46,0.1111111111111111,0.10526315789473685,0.0,0.10526315789473685,0.2222222222222222,0.18181818181818182,0.1,0.09090909090909091,0.0,0.0,0.0392156862745098,0.0
47,0.0,0.0,0.0,0.0,0.0,0.0,0.08695652173913045,0.07692307692307693,0.0,0.047619047619047616,0.04347826086956522,0.0
48,0.0,0.0,0.0,0.0,0.08333333333333334,0.25,0.09090909090909091,0.25,0.0,0.0,0.0,0.0
49,0.0,0.0,0.0,0.0,0.0,0.0,0.5,0.47058823529411764,0.045454545454545456,0.0,0.0,0.0425531914893617
50,0.0,0.0,0.0,0.0,0.0,0.0,0.0,0.0,0.0,0.0,0.0,0.0
51,0.2105263157894737,0.1904761904761905,0.0,0.0,0.11764705882352941,0.12121212121212122,0.41379310344827586,0.42857142857142855,0.07547169811320754,0.034482758620689655,0.03571428571428571,0.03389830508474577
52,0.0,0.0,0.0,0.0,0.0,0.0,0.19999999999999998,0.1904761904761905,0.0,0.0,0.0,0.0
53,0.0,0.0,0.5263157894736842,0.0,0.0,0.5,0.3333333333333333,0.3333333333333333,0.0,0.0,0.0,0.0
54,0.0,0.0,0.0,0.0,0.0,0.0,0.0,0.0,0.0,0.0,0.0,0.0
55,0.11764705882352941,0.0,0.13333333333333333,0.0,0.0,0.0,0.0,0.09523809523809523,0.03703703703703703,0.03389830508474576,0.0851063829787234,0.1111111111111111
56,0.0,0.0,0.0,0.0,0.0,0.0,0.125,0.0,0.0,0.0,0.0,0.0
57,0.0,0.0,0.0,0.0,0.0,0.0,0.09523809523809523,0.13333333333333333,0.0,0.0,0.0,0.0
58,0.0,0.0,0.0,0.0,0.0,0.0,0.33333333333333337,0.33333333333333337,0.04347826086956522,0.0,0.0,0.0
59,0.0,0.0,0.2857142857142857,0.2857142857142857,0.0,0.33333333333333337,0.4444444444444445,0.4444444444444445,0.0,0.0,0.0,0.0
60,0.0,0.0,0.0,0.0,0.0,0.0,0.0,0.0,0.0,0.0,0.0,0.0
61,0.0,0.0,0.0,0.0,0.15384615384615385,0.16,0.5,0.1818181818181818,0.09999999999999999,0.0,0.12903225806451613,0.1714285714285714
62,0.0,0.0,0.0,0.0,0.0,0.0,0.1904761904761905,0.0,0.0,0.0,0.0,0.0
63,0.0,0.0,0.0,0.0,0.0,0.0,0.15384615384615385,0.0,0.0,0.0,0.0,0.0
64,0.0909090909090909,0.08,0.08695652173913043,0.08333333333333333,0.07142857142857144,0.06896551724137931,0.6666666666666667,0.05882352941176471,0.0,0.0,0.037037037037037035,0.0
65,0.0,0.0,0.0,0.0,0.0,0.0,0.0,0.0,0.0,0.0,0.0,0.0
66,0.0,0.0,0.0,0.0,0.07692307692307691,0.0,0.21428571428571425,0.0,0.0,0.06451612903225806,0.0,0.04545454545454545
67,0.0,0.0,0.0,0.0,0.0,0.0,0.0,0.0,0.0,0.0,0.0,0.0
68,0.0,0.0,0.0,0.0,0.0,0.0,0.2,0.0,0.0,0.0,0.0,0.0
69,0.0,0.0,0.11764705882352942,0.0,0.1739130434782609,0.26666666666666666,0.21052631578947367,0.21052631578947367,0.037037037037037035,0.0,0.0,0.0
70,0.0,0.0,0.33333333333333337,0.3076923076923077,0.08,0.16666666666666669,0.16666666666666669,0.16666666666666669,0.0,0.0,0.0,0.04545454545454545
71,0.0,0.0,0.0,0.0,0.21052631578947367,0.1,0.3157894736842105,0.3157894736842105,0.0,0.0,0.0,0.0
72,0.0,0.0,0.0,0.0,0.13333333333333333,0.0,0.33333333333333337,0.0,0.0,0.0,0.0816326530612245,0.0
73,0.0,0.0,0.1818181818181818,0.5,0.0,0.0,0.3636363636363636,0.3636363636363636,0.0,0.0,0.0,0.0
74,0.0,0.0,0.0,0.0,0.08695652173913043,0.0,0.2105263157894737,0.25,0.0,0.04878048780487805,0.04444444444444444,0.0
75,0.0,0.0,0.0,0.0,0.09523809523809523,0.45454545454545453,0.5263157894736842,0.45454545454545453,0.0,0.0,0.0,0.0
76,0.0,0.12500000000000003,0.11764705882352941,0.12500000000000003,0.14285714285714285,0.1111111111111111,0.10526315789473682,0.1111111111111111,0.0,0.0,0.0,0.0
77,0.0,0.0,0.0,0.0,0.0,0.0,0.0,0.0,0.0,0.0,0.0,0.0
78,0.0,0.0,0.0,0.0,0.0,0.0,0.4615384615384615,0.0,0.0,0.0,0.0,0.0
79,0.0,0.0,0.0,0.0,0.0,0.0,0.0,0.0,0.0,0.0,0.0,0.0
80,0.0,0.13333333333333333,0.13333333333333333,0.13333333333333333,0.0,0.0,0.0,0.0,0.0,0.0,0.0,0.0
81,0.0,0.0,0.0,0.0,0.0,0.0,0.16666666666666669,0.8,0.0,0.0,0.0,0.0
82,0.0,0.0,0.0,0.0,0.0,0.0,0.0,0.0,0.0,0.0,0.0,0.0
83,0.0,0.0,0.0,0.0,0.0,0.0,0.0,0.0,0.0,0.0,0.0,0.0
84,0.0,0.0,0.0,0.18181818181818182,0.0,0.0,0.0,0.08695652173913045,0.0,0.0,0.0,0.0
85,0.0,0.0,0.0,0.0,0.0,0.0,0.2608695652173913,0.2608695652173913,0.0,0.0,0.0,0.0
86,0.0,0.0,0.0,0.0,0.0,0.0,0.0,0.0,0.0,0.0,0.0,0.0
87,0.0,0.0,0.28571428571428575,0.0,0.2608695652173913,0.15384615384615385,0.1818181818181818,0.13793103448275865,0.0,0.0,0.0,0.0975609756097561
88,0.0,0.0,0.0,0.0,0.07692307692307693,0.0,0.09523809523809523,0.27272727272727276,0.0,0.0,0.0,0.0
89,0.0,0.0,0.0,0.0,0.0,0.16666666666666669,0.14285714285714288,0.11764705882352941,0.0,0.0,0.0,0.0
90,0.0,0.0,0.0,0.0,0.0,0.0,0.1,0.0,0.0,0.0,0.0,0.0
91,0.0,0.0,0.0,0.0,0.0,0.0,0.0,0.0,0.0,0.0,0.0,0.0
92,0.0,0.0,0.0,0.0,0.0,0.0,0.0,0.0,0.0,0.0,0.0,0.0
93,0.0,0.0,0.0,0.16666666666666669,0.0,0.1,0.1,0.1,0.0,0.0,0.0,0.0
94,0.0,0.0,0.0,0.0,0.0909090909090909,0.0,0.10526315789473684,0.0,0.0,0.0,0.0,0.0
95,0.0,0.0,0.0,0.0,0.0,0.0,0.2608695652173913,0.2857142857142857,0.0,0.0,0.0,0.0
96,0.0,0.0,0.18181818181818182,0.0,0.0,0.0,0.0,0.0,0.0,0.0,0.0,0.0
97,0.0,0.0,0.0,0.0,0.2222222222222222,0.15384615384615383,0.5,0.4705882352941177,0.0,0.0,0.0,0.0
98,0.0,0.0,0.0,0.0,0.30769230769230765,0.3333333333333333,0.15384615384615383,0.3333333333333333,0.0,0.1176470588235294,0.1276595744680851,0.0
99,0.0,0.0,0.0,0.0,0.0,0.0,0.0,0.1111111111111111,0.0,0.0,0.0,0.0
